"filename", "language", "Markdown", "XML", "HTML", "Ini", "JSON", "C#", "comment", "blank", "total"
"h:\C#\Projects\LyraGJ_Plus\Assets\Scripts\CrossSceneObjects\Portal.cs", "C#", 0, 0, 0, 0, 0, 13, 0, 2, 15
"h:\C#\Projects\LyraGJ_Plus\Assets\Scripts\CrossSceneObjects\PortalSwithable.cs", "C#", 0, 0, 0, 0, 0, 25, 0, 5, 30
"h:\C#\Projects\LyraGJ_Plus\Assets\Scripts\CrossSceneObjects\ScenePortal.cs", "C#", 0, 0, 0, 0, 0, -14, 0, -2, -16
"h:\C#\Projects\LyraGJ_Plus\Assets\Scripts\ManagementScripts\GlobalEventManager.cs", "C#", 0, 0, 0, 0, 0, 1, 0, -1, 0
"h:\C#\Projects\LyraGJ_Plus\Assets\Scripts\ManagementScripts\PlayerWeaponTracker.cs", "C#", 0, 0, 0, 0, 0, -40, 46, 0, 6
"h:\C#\Projects\LyraGJ_Plus\Assets\Scripts\RoomScripts\Room.cs", "C#", 0, 0, 0, 0, 0, -1, 1, 0, 0
"h:\C#\Projects\LyraGJ_Plus\Assets\Scripts\Units\JazzBossCombat.cs", "C#", 0, 0, 0, 0, 0, 4, 1, 2, 7
"h:\C#\Projects\LyraGJ_Plus\Assets\Scripts\Units\PlayerCombat.cs", "C#", 0, 0, 0, 0, 0, -9, 21, -5, 7
"h:\C#\Projects\LyraGJ_Plus\Assets\Scripts\Units\UnitCombat.cs", "C#", 0, 0, 0, 0, 0, 0, -8, 1, -7
"h:\C#\Projects\LyraGJ_Plus\LyrawindowsBuild\Lyra Echoes Through Time_Data\RuntimeInitializeOnLoads.json", "JSON", 0, 0, 0, 0, 1, 0, 0, 1, 2
"h:\C#\Projects\LyraGJ_Plus\LyrawindowsBuild\Lyra Echoes Through Time_Data\ScriptingAssemblies.json", "JSON", 0, 0, 0, 0, 1, 0, 0, 0, 1
"h:\C#\Projects\LyraGJ_Plus\LyrawindowsBuild\MonoBleedingEdge\etc\mono\2.0\DefaultWsdlHelpGenerator.aspx", "HTML", 0, 0, 1594, 0, 0, 0, 28, 280, 1902
"h:\C#\Projects\LyraGJ_Plus\LyrawindowsBuild\MonoBleedingEdge\etc\mono\4.0\DefaultWsdlHelpGenerator.aspx", "HTML", 0, 0, 1594, 0, 0, 0, 28, 280, 1902
"h:\C#\Projects\LyraGJ_Plus\LyrawindowsBuild\MonoBleedingEdge\etc\mono\4.5\DefaultWsdlHelpGenerator.aspx", "HTML", 0, 0, 1594, 0, 0, 0, 28, 280, 1902
"h:\C#\Projects\LyraGJ_Plus\LyrawindowsBuild\MonoBleedingEdge\etc\mono\browscap.ini", "Ini", 0, 0, 0, 13255, 0, 0, 274, 3451, 16980
"h:\C#\Projects\LyraGJ_Plus\LyrawindowsBuild\MonoBleedingEdge\etc\mono\mconfig\config.xml", "XML", 0, 525, 0, 0, 0, 0, 30, 62, 617
"h:\C#\Projects\LyraGJ_Plus\README.md", "Markdown", 2, 0, 0, 0, 0, 0, 0, 2, 4
"h:\C#\Projects\LyraGJ_Plus\windowsBuild\Lyra Echoes Through Time_Data\RuntimeInitializeOnLoads.json", "JSON", 0, 0, 0, 0, -1, 0, 0, -1, -2
"h:\C#\Projects\LyraGJ_Plus\windowsBuild\Lyra Echoes Through Time_Data\ScriptingAssemblies.json", "JSON", 0, 0, 0, 0, -1, 0, 0, 0, -1
"h:\C#\Projects\LyraGJ_Plus\windowsBuild\MonoBleedingEdge\etc\mono\2.0\DefaultWsdlHelpGenerator.aspx", "HTML", 0, 0, -1594, 0, 0, 0, -28, -280, -1902
"h:\C#\Projects\LyraGJ_Plus\windowsBuild\MonoBleedingEdge\etc\mono\4.0\DefaultWsdlHelpGenerator.aspx", "HTML", 0, 0, -1594, 0, 0, 0, -28, -280, -1902
"h:\C#\Projects\LyraGJ_Plus\windowsBuild\MonoBleedingEdge\etc\mono\4.5\DefaultWsdlHelpGenerator.aspx", "HTML", 0, 0, -1594, 0, 0, 0, -28, -280, -1902
"h:\C#\Projects\LyraGJ_Plus\windowsBuild\MonoBleedingEdge\etc\mono\browscap.ini", "Ini", 0, 0, 0, -13255, 0, 0, -274, -3451, -16980
"h:\C#\Projects\LyraGJ_Plus\windowsBuild\MonoBleedingEdge\etc\mono\mconfig\config.xml", "XML", 0, -525, 0, 0, 0, 0, -30, -62, -617
"Total", "-", 2, 0, 0, 0, 0, -21, 61, 4, 46